승객군,서비스,기준 만족률(%),전원 개선 시 상승폭(%p)
전체,기내 와이파이,43.3,11.8
전체,온라인 탑승,43.3,8.2
전체,체크인,43.3,2.6
전체,다리 공간,43.3,3.4
전체,와이파이 + 온라인 탑승,43.3,24.6
전체,상위 4개 전체,43.3,33.9
출장,기내 와이파이,58.3,7.1
출장,온라인 탑승,58.3,11.2
출장,체크인,58.3,4.0
출장,다리 공간,58.3,3.4
출장,와이파이 + 온라인 탑승,58.3,20.5
출장,상위 4개 전체,58.3,29.4
개인 여행,기내 와이파이,10.2,30.0
개인 여행,온라인 탑승,10.2,0.0
개인 여행,체크인,10.2,0.0
개인 여행,다리 공간,10.2,0.0
개인 여행,와이파이 + 온라인 탑승,10.2,29.9
개인 여행,상위 4개 전체,10.2,28.7
충성,기내 와이파이,47.7,9.4
충성,온라인 탑승,47.7,7.3
충성,체크인,47.7,2.8
충성,다리 공간,47.7,4.4
충성,와이파이 + 온라인 탑승,47.7,20.1
충성,상위 4개 전체,47.7,30.3
비충성,기내 와이파이,23.7,31.9
비충성,온라인 탑승,23.7,0.0
비충성,체크인,23.7,2.0
비충성,다리 공간,23.7,0.3
비충성,와이파이 + 온라인 탑승,23.7,31.4
비충성,상위 4개 전체,23.7,37.4
