여행 목적,고객 유형,좌석 등급,서비스,점수,승객 수,만족 승객 수
개인 여행,비충성,비즈니스,기내 와이파이,1,1,0
개인 여행,비충성,비즈니스,기내 와이파이,2,3,0
개인 여행,비충성,비즈니스,기내 와이파이,3,5,0
개인 여행,비충성,비즈니스,기내 와이파이,4,2,0
개인 여행,비충성,이코노미,기내 와이파이,0,4,4
개인 여행,비충성,이코노미,기내 와이파이,1,23,0
개인 여행,비충성,이코노미,기내 와이파이,2,42,0
개인 여행,비충성,이코노미,기내 와이파이,3,48,0
개인 여행,비충성,이코노미,기내 와이파이,4,20,10
개인 여행,비충성,이코노미,기내 와이파이,5,12,12
개인 여행,비충성,이코노미 플러스,기내 와이파이,1,1,0
개인 여행,비충성,이코노미 플러스,기내 와이파이,2,1,0
개인 여행,비충성,이코노미 플러스,기내 와이파이,3,1,0
개인 여행,비충성,이코노미 플러스,기내 와이파이,4,1,0
개인 여행,충성,비즈니스,기내 와이파이,0,53,53
개인 여행,충성,비즈니스,기내 와이파이,1,385,0
개인 여행,충성,비즈니스,기내 와이파이,2,600,0
개인 여행,충성,비즈니스,기내 와이파이,3,640,0
개인 여행,충성,비즈니스,기내 와이파이,4,377,120
개인 여행,충성,비즈니스,기내 와이파이,5,91,91
개인 여행,충성,이코노미,기내 와이파이,0,533,533
개인 여행,충성,이코노미,기내 와이파이,1,4732,0
개인 여행,충성,이코노미,기내 와이파이,2,7836,0
개인 여행,충성,이코노미,기내 와이파이,3,8016,0
개인 여행,충성,이코노미,기내 와이파이,4,4149,1069
개인 여행,충성,이코노미,기내 와이파이,5,1073,1073
개인 여행,충성,이코노미 플러스,기내 와이파이,0,61,61
개인 여행,충성,이코노미 플러스,기내 와이파이,1,665,0
개인 여행,충성,이코노미 플러스,기내 와이파이,2,1093,0
개인 여행,충성,이코노미 플러스,기내 와이파이,3,1090,0
개인 여행,충성,이코노미 플러스,기내 와이파이,4,566,128
개인 여행,충성,이코노미 플러스,기내 와이파이,5,125,125
출장,비충성,비즈니스,기내 와이파이,0,432,432
출장,비충성,비즈니스,기내 와이파이,1,901,0
출장,비충성,비즈니스,기내 와이파이,2,1542,57
출장,비충성,비즈니스,기내 와이파이,3,1527,62
출장,비충성,비즈니스,기내 와이파이,4,1772,1187
출장,비충성,비즈니스,기내 와이파이,5,1171,1171
출장,비충성,이코노미,기내 와이파이,0,241,241
출장,비충성,이코노미,기내 와이파이,1,1933,0
출장,비충성,이코노미,기내 와이파이,2,3018,23
출장,비충성,이코노미,기내 와이파이,3,3090,22
출장,비충성,이코노미,기내 와이파이,4,1911,647
출장,비충성,이코노미,기내 와이파이,5,568,568
출장,비충성,이코노미 플러스,기내 와이파이,0,16,16
출장,비충성,이코노미 플러스,기내 와이파이,1,133,0
출장,비충성,이코노미 플러스,기내 와이파이,2,220,0
출장,비충성,이코노미 플러스,기내 와이파이,3,213,2
출장,비충성,이코노미 플러스,기내 와이파이,4,110,19
출장,비충성,이코노미 플러스,기내 와이파이,5,19,19
출장,충성,비즈니스,기내 와이파이,0,1494,1494
출장,충성,비즈니스,기내 와이파이,1,7755,5803
출장,충성,비즈니스,기내 와이파이,2,8943,6031
출장,충성,비즈니스,기내 와이파이,3,8691,6012
출장,충성,비즈니스,기내 와이파이,4,7285,6043
출장,충성,비즈니스,기내 와이파이,5,5995,5924
출장,충성,이코노미,기내 와이파이,0,151,148
출장,충성,이코노미,기내 와이파이,1,977,2
출장,충성,이코노미,기내 와이파이,2,1905,251
출장,충성,이코노미,기내 와이파이,3,1910,299
출장,충성,이코노미,기내 와이파이,4,2763,2031
출장,충성,이코노미,기내 와이파이,5,1790,1768
출장,충성,이코노미 플러스,기내 와이파이,0,118,113
출장,충성,이코노미 플러스,기내 와이파이,1,334,1
출장,충성,이코노미 플러스,기내 와이파이,2,627,61
출장,충성,이코노미 플러스,기내 와이파이,3,637,85
출장,충성,이코노미 플러스,기내 와이파이,4,838,602
출장,충성,이코노미 플러스,기내 와이파이,5,625,612
개인 여행,비충성,비즈니스,온라인 탑승,0,1,0
개인 여행,비충성,비즈니스,온라인 탑승,1,2,0
개인 여행,비충성,비즈니스,온라인 탑승,2,2,0
개인 여행,비충성,비즈니스,온라인 탑승,3,4,0
개인 여행,비충성,비즈니스,온라인 탑승,4,2,0
개인 여행,비충성,이코노미,온라인 탑승,0,9,3
개인 여행,비충성,이코노미,온라인 탑승,1,26,2
개인 여행,비충성,이코노미,온라인 탑승,2,38,0
개인 여행,비충성,이코노미,온라인 탑승,3,46,1
개인 여행,비충성,이코노미,온라인 탑승,4,19,9
개인 여행,비충성,이코노미,온라인 탑승,5,11,11
개인 여행,비충성,이코노미 플러스,온라인 탑승,1,1,0
개인 여행,비충성,이코노미 플러스,온라인 탑승,2,1,0
개인 여행,비충성,이코노미 플러스,온라인 탑승,3,1,0
개인 여행,비충성,이코노미 플러스,온라인 탑승,4,1,0
개인 여행,충성,비즈니스,온라인 탑승,0,45,21
개인 여행,충성,비즈니스,온라인 탑승,1,216,11
개인 여행,충성,비즈니스,온라인 탑승,2,349,14
개인 여행,충성,비즈니스,온라인 탑승,3,509,36
개인 여행,충성,비즈니스,온라인 탑승,4,619,100
개인 여행,충성,비즈니스,온라인 탑승,5,408,82
개인 여행,충성,이코노미,온라인 탑승,0,1136,415
개인 여행,충성,이코노미,온라인 탑승,1,3792,75
개인 여행,충성,이코노미,온라인 탑승,2,6155,97
개인 여행,충성,이코노미,온라인 탑승,3,6947,168
개인 여행,충성,이코노미,온라인 탑승,4,5556,1000
개인 여행,충성,이코노미,온라인 탑승,5,2753,920
개인 여행,충성,이코노미 플러스,온라인 탑승,0,145,47
개인 여행,충성,이코노미 플러스,온라인 탑승,1,530,8
개인 여행,충성,이코노미 플러스,온라인 탑승,2,854,13
개인 여행,충성,이코노미 플러스,온라인 탑승,3,948,21
개인 여행,충성,이코노미 플러스,온라인 탑승,4,755,115
개인 여행,충성,이코노미 플러스,온라인 탑승,5,368,110
출장,비충성,비즈니스,온라인 탑승,0,452,406
출장,비충성,비즈니스,온라인 탑승,1,928,49
출장,비충성,비즈니스,온라인 탑승,2,1494,86
출장,비충성,비즈니스,온라인 탑승,3,1581,155
출장,비충성,비즈니스,온라인 탑승,4,1718,1107
출장,비충성,비즈니스,온라인 탑승,5,1172,1106
출장,비충성,이코노미,온라인 탑승,0,331,227
출장,비충성,이코노미,온라인 탑승,1,1914,32
출장,비충성,이코노미,온라인 탑승,2,2889,35
출장,비충성,이코노미,온라인 탑승,3,3005,76
출장,비충성,이코노미,온라인 탑승,4,1930,594
출장,비충성,이코노미,온라인 탑승,5,692,537
출장,비충성,이코노미 플러스,온라인 탑승,0,26,15
출장,비충성,이코노미 플러스,온라인 탑승,1,133,3
출장,비충성,이코노미 플러스,온라인 탑승,2,208,1
출장,비충성,이코노미 플러스,온라인 탑승,3,200,3
출장,비충성,이코노미 플러스,온라인 탑승,4,113,16
출장,비충성,이코노미 플러스,온라인 탑승,5,31,18
출장,충성,비즈니스,온라인 탑승,0,42,0
출장,충성,비즈니스,온라인 탑승,1,1808,974
출장,충성,비즈니스,온라인 탑승,2,3188,1295
출장,충성,비즈니스,온라인 탑승,3,5602,1983
출장,충성,비즈니스,온라인 탑승,4,16397,13931
출장,충성,비즈니스,온라인 탑승,5,13126,13124
출장,충성,이코노미,온라인 탑승,0,143,123
출장,충성,이코노미,온라인 탑승,1,994,248
출장,충성,이코노미,온라인 탑승,2,1740,384
출장,충성,이코노미,온라인 탑승,3,2243,406
출장,충성,이코노미,온라인 탑승,4,2780,1744
출장,충성,이코노미,온라인 탑승,5,1596,1594
출장,충성,이코노미 플러스,온라인 탑승,0,98,94
출장,충성,이코노미 플러스,온라인 탑승,1,348,71
출장,충성,이코노미 플러스,온라인 탑승,2,587,94
출장,충성,이코노미 플러스,온라인 탑승,3,718,110
출장,충성,이코노미 플러스,온라인 탑승,4,872,550
출장,충성,이코노미 플러스,온라인 탑승,5,556,555
개인 여행,비충성,비즈니스,체크인,1,1,0
개인 여행,비충성,비즈니스,체크인,2,1,0
개인 여행,비충성,비즈니스,체크인,3,5,0
개인 여행,비충성,비즈니스,체크인,4,2,0
개인 여행,비충성,비즈니스,체크인,5,2,0
개인 여행,비충성,이코노미,체크인,1,18,1
개인 여행,비충성,이코노미,체크인,2,20,6
개인 여행,비충성,이코노미,체크인,3,42,8
개인 여행,비충성,이코노미,체크인,4,42,7
개인 여행,비충성,이코노미,체크인,5,27,4
개인 여행,비충성,이코노미 플러스,체크인,1,2,0
개인 여행,비충성,이코노미 플러스,체크인,4,1,0
개인 여행,비충성,이코노미 플러스,체크인,5,1,0
개인 여행,충성,비즈니스,체크인,1,247,33
개인 여행,충성,비즈니스,체크인,2,226,26
개인 여행,충성,비즈니스,체크인,3,645,75
개인 여행,충성,비즈니스,체크인,4,620,82
개인 여행,충성,비즈니스,체크인,5,408,48
개인 여행,충성,이코노미,체크인,1,3106,304
개인 여행,충성,이코노미,체크인,2,3084,315
개인 여행,충성,이코노미,체크인,3,7286,758
개인 여행,충성,이코노미,체크인,4,7526,754
개인 여행,충성,이코노미,체크인,5,5337,544
개인 여행,충성,이코노미 플러스,체크인,1,444,39
개인 여행,충성,이코노미 플러스,체크인,2,434,32
개인 여행,충성,이코노미 플러스,체크인,3,998,99
개인 여행,충성,이코노미 플러스,체크인,4,956,73
개인 여행,충성,이코노미 플러스,체크인,5,768,71
출장,비충성,비즈니스,체크인,1,377,55
출장,비충성,비즈니스,체크인,2,370,58
출장,비충성,비즈니스,체크인,3,2268,927
출장,비충성,비즈니스,체크인,4,2281,952
출장,비충성,비즈니스,체크인,5,2049,917
출장,비충성,이코노미,체크인,1,2111,164
출장,비충성,이코노미,체크인,2,2065,176
출장,비충성,이코노미,체크인,3,2650,388
출장,비충성,이코노미,체크인,4,2587,395
출장,비충성,이코노미,체크인,5,1348,378
출장,비충성,이코노미 플러스,체크인,1,146,3
출장,비충성,이코노미 플러스,체크인,2,164,14
출장,비충성,이코노미 플러스,체크인,3,167,13
출장,비충성,이코노미 플러스,체크인,4,164,17
출장,비충성,이코노미 플러스,체크인,5,70,9
출장,충성,비즈니스,체크인,0,1,0
출장,충성,비즈니스,체크인,1,3559,1354
출장,충성,비즈니스,체크인,2,3713,1483
출장,충성,비즈니스,체크인,3,11576,9311
출장,충성,비즈니스,체크인,4,11983,9830
출장,충성,비즈니스,체크인,5,9331,9329
출장,충성,이코노미,체크인,1,2143,845
출장,충성,이코노미,체크인,2,2070,859
출장,충성,이코노미,체크인,3,2133,894
출장,충성,이코노미,체크인,4,2181,936
출장,충성,이코노미,체크인,5,969,965
출장,충성,이코노미 플러스,체크인,1,736,286
출장,충성,이코노미 플러스,체크인,2,746,284
출장,충성,이코노미 플러스,체크인,3,676,279
출장,충성,이코노미 플러스,체크인,4,712,317
출장,충성,이코노미 플러스,체크인,5,309,308
개인 여행,비충성,비즈니스,다리 공간,1,1,0
개인 여행,비충성,비즈니스,다리 공간,2,3,0
개인 여행,비충성,비즈니스,다리 공간,3,2,0
개인 여행,비충성,비즈니스,다리 공간,5,5,0
개인 여행,비충성,이코노미,다리 공간,1,18,1
개인 여행,비충성,이코노미,다리 공간,2,31,7
개인 여행,비충성,이코노미,다리 공간,3,32,5
개인 여행,비충성,이코노미,다리 공간,4,33,5
개인 여행,비충성,이코노미,다리 공간,5,35,8
개인 여행,비충성,이코노미 플러스,다리 공간,1,1,0
개인 여행,비충성,이코노미 플러스,다리 공간,3,2,0
개인 여행,비충성,이코노미 플러스,다리 공간,5,1,0
개인 여행,충성,비즈니스,다리 공간,0,53,28
개인 여행,충성,비즈니스,다리 공간,1,315,20
개인 여행,충성,비즈니스,다리 공간,2,528,29
개인 여행,충성,비즈니스,다리 공간,3,540,24
개인 여행,충성,비즈니스,다리 공간,4,432,99
개인 여행,충성,비즈니스,다리 공간,5,278,64
개인 여행,충성,이코노미,다리 공간,0,307,125
개인 여행,충성,이코노미,다리 공간,1,2970,231
개인 여행,충성,이코노미,다리 공간,2,6132,493
개인 여행,충성,이코노미,다리 공간,3,6291,484
개인 여행,충성,이코노미,다리 공간,4,5778,684
개인 여행,충성,이코노미,다리 공간,5,4861,658
개인 여행,충성,이코노미 플러스,다리 공간,0,40,13
개인 여행,충성,이코노미 플러스,다리 공간,1,402,23
개인 여행,충성,이코노미 플러스,다리 공간,2,835,45
개인 여행,충성,이코노미 플러스,다리 공간,3,913,65
개인 여행,충성,이코노미 플러스,다리 공간,4,737,77
개인 여행,충성,이코노미 플러스,다리 공간,5,673,91
출장,비충성,비즈니스,다리 공간,1,278,54
출장,비충성,비즈니스,다리 공간,2,1712,679
출장,비충성,비즈니스,다리 공간,3,1734,676
출장,비충성,비즈니스,다리 공간,4,1789,742
출장,비충성,비즈니스,다리 공간,5,1832,758
출장,비충성,이코노미,다리 공간,1,1803,185
출장,비충성,이코노미,다리 공간,2,2178,342
출장,비충성,이코노미,다리 공간,3,2308,328
출장,비충성,이코노미,다리 공간,4,2303,326
출장,비충성,이코노미,다리 공간,5,2169,320
출장,비충성,이코노미 플러스,다리 공간,1,130,13
출장,비충성,이코노미 플러스,다리 공간,2,147,12
출장,비충성,이코노미 플러스,다리 공간,3,126,12
출장,비충성,이코노미 플러스,다리 공간,4,157,10
출장,비충성,이코노미 플러스,다리 공간,5,151,9
출장,충성,비즈니스,다리 공간,0,72,0
출장,충성,비즈니스,다리 공간,1,2285,674
출장,충성,비즈니스,다리 공간,2,5315,2731
출장,충성,비즈니스,다리 공간,3,5533,2911
출장,충성,비즈니스,다리 공간,4,14667,13215
출장,충성,비즈니스,다리 공간,5,12291,11776
출장,충성,이코노미,다리 공간,1,1577,646
출장,충성,이코노미,다리 공간,2,1984,755
출장,충성,이코노미,다리 공간,3,1971,732
출장,충성,이코노미,다리 공간,4,2183,1244
출장,충성,이코노미,다리 공간,5,1781,1122
출장,충성,이코노미 플러스,다리 공간,1,573,253
출장,충성,이코노미 플러스,다리 공간,2,660,270
출장,충성,이코노미 플러스,다리 공간,3,646,238
출장,충성,이코노미 플러스,다리 공간,4,710,362
출장,충성,이코노미 플러스,다리 공간,5,590,351
개인 여행,비충성,비즈니스,탑승 서비스,1,2,0
개인 여행,비충성,비즈니스,탑승 서비스,2,2,0
개인 여행,비충성,비즈니스,탑승 서비스,3,3,0
개인 여행,비충성,비즈니스,탑승 서비스,4,2,0
개인 여행,비충성,비즈니스,탑승 서비스,5,2,0
개인 여행,비충성,이코노미,탑승 서비스,1,16,4
개인 여행,비충성,이코노미,탑승 서비스,2,19,4
개인 여행,비충성,이코노미,탑승 서비스,3,45,9
개인 여행,비충성,이코노미,탑승 서비스,4,39,6
개인 여행,비충성,이코노미,탑승 서비스,5,30,3
개인 여행,비충성,이코노미 플러스,탑승 서비스,2,1,0
개인 여행,비충성,이코노미 플러스,탑승 서비스,4,1,0
개인 여행,비충성,이코노미 플러스,탑승 서비스,5,2,0
개인 여행,충성,비즈니스,탑승 서비스,1,327,41
개인 여행,충성,비즈니스,탑승 서비스,2,367,44
개인 여행,충성,비즈니스,탑승 서비스,3,522,70
개인 여행,충성,비즈니스,탑승 서비스,4,519,77
개인 여행,충성,비즈니스,탑승 서비스,5,411,32
개인 여행,충성,이코노미,탑승 서비스,1,3451,373
개인 여행,충성,이코노미,탑승 서비스,2,3619,344
개인 여행,충성,이코노미,탑승 서비스,3,6892,695
개인 여행,충성,이코노미,탑승 서비스,4,6851,703
개인 여행,충성,이코노미,탑승 서비스,5,5526,560
개인 여행,충성,이코노미 플러스,탑승 서비스,1,435,31
개인 여행,충성,이코노미 플러스,탑승 서비스,2,505,44
개인 여행,충성,이코노미 플러스,탑승 서비스,3,960,89
개인 여행,충성,이코노미 플러스,탑승 서비스,4,950,84
개인 여행,충성,이코노미 플러스,탑승 서비스,5,750,66
출장,비충성,비즈니스,탑승 서비스,1,354,47
출장,비충성,비즈니스,탑승 서비스,2,373,71
출장,비충성,비즈니스,탑승 서비스,3,2304,954
출장,비충성,비즈니스,탑승 서비스,4,2294,934
출장,비충성,비즈니스,탑승 서비스,5,2020,903
출장,비충성,이코노미,탑승 서비스,1,2044,176
출장,비충성,이코노미,탑승 서비스,2,2073,184
출장,비충성,이코노미,탑승 서비스,3,2624,375
출장,비충성,이코노미,탑승 서비스,4,2664,367
출장,비충성,이코노미,탑승 서비스,5,1356,399
출장,비충성,이코노미 플러스,탑승 서비스,1,157,10
출장,비충성,이코노미 플러스,탑승 서비스,2,171,15
출장,비충성,이코노미 플러스,탑승 서비스,3,161,11
출장,비충성,이코노미 플러스,탑승 서비스,4,147,8
출장,비충성,이코노미 플러스,탑승 서비스,5,75,12
출장,충성,비즈니스,탑승 서비스,0,3,0
출장,충성,비즈니스,탑승 서비스,1,2665,758
출장,충성,비즈니스,탑승 서비스,2,4688,2022
출장,충성,비즈니스,탑승 서비스,3,6528,3966
출장,충성,비즈니스,탑승 서비스,4,14358,12804
출장,충성,비즈니스,탑승 서비스,5,11921,11757
출장,충성,이코노미,탑승 서비스,1,1762,617
출장,충성,이코노미,탑승 서비스,2,2156,762
출장,충성,이코노미,탑승 서비스,3,2095,783
출장,충성,이코노미,탑승 서비스,4,2305,1227
출장,충성,이코노미,탑승 서비스,5,1178,1110
출장,충성,이코노미 플러스,탑승 서비스,1,659,243
출장,충성,이코노미 플러스,탑승 서비스,2,707,264
출장,충성,이코노미 플러스,탑승 서비스,3,699,256
출장,충성,이코노미 플러스,탑승 서비스,4,737,361
출장,충성,이코노미 플러스,탑승 서비스,5,377,350
개인 여행,비충성,비즈니스,좌석 편안함,1,5,0
개인 여행,비충성,비즈니스,좌석 편안함,2,2,0
개인 여행,비충성,비즈니스,좌석 편안함,3,3,0
개인 여행,비충성,비즈니스,좌석 편안함,4,1,0
개인 여행,비충성,이코노미,좌석 편안함,1,25,2
개인 여행,비충성,이코노미,좌석 편안함,2,36,8
개인 여행,비충성,이코노미,좌석 편안함,3,24,7
개인 여행,비충성,이코노미,좌석 편안함,4,32,6
개인 여행,비충성,이코노미,좌석 편안함,5,32,3
개인 여행,비충성,이코노미 플러스,좌석 편안함,1,1,0
개인 여행,비충성,이코노미 플러스,좌석 편안함,2,1,0
개인 여행,비충성,이코노미 플러스,좌석 편안함,3,1,0
개인 여행,비충성,이코노미 플러스,좌석 편안함,4,1,0
개인 여행,충성,비즈니스,좌석 편안함,1,243,34
개인 여행,충성,비즈니스,좌석 편안함,2,261,29
개인 여행,충성,비즈니스,좌석 편안함,3,398,33
개인 여행,충성,비즈니스,좌석 편안함,4,734,106
개인 여행,충성,비즈니스,좌석 편안함,5,510,62
개인 여행,충성,이코노미,좌석 편안함,1,4319,432
개인 여행,충성,이코노미,좌석 편안함,2,4689,480
개인 여행,충성,이코노미,좌석 편안함,3,5215,498
개인 여행,충성,이코노미,좌석 편안함,4,6403,680
개인 여행,충성,이코노미,좌석 편안함,5,5713,585
개인 여행,충성,이코노미 플러스,좌석 편안함,1,573,50
개인 여행,충성,이코노미 플러스,좌석 편안함,2,613,60
개인 여행,충성,이코노미 플러스,좌석 편안함,3,693,60
개인 여행,충성,이코노미 플러스,좌석 편안함,4,907,76
개인 여행,충성,이코노미 플러스,좌석 편안함,5,814,68
출장,비충성,비즈니스,좌석 편안함,1,1465,542
출장,비충성,비즈니스,좌석 편안함,2,1523,612
출장,비충성,비즈니스,좌석 편안함,3,1440,571
출장,비충성,비즈니스,좌석 편안함,4,1463,605
출장,비충성,비즈니스,좌석 편안함,5,1454,579
출장,비충성,이코노미,좌석 편안함,1,2094,265
출장,비충성,이코노미,좌석 편안함,2,2203,328
출장,비충성,이코노미,좌석 편안함,3,2199,307
출장,비충성,이코노미,좌석 편안함,4,2174,300
출장,비충성,이코노미,좌석 편안함,5,2091,301
출장,비충성,이코노미 플러스,좌석 편안함,1,142,10
출장,비충성,이코노미 플러스,좌석 편안함,2,141,17
출장,비충성,이코노미 플러스,좌석 편안함,3,141,9
출장,비충성,이코노미 플러스,좌석 편안함,4,135,10
출장,비충성,이코노미 플러스,좌석 편안함,5,152,10
출장,충성,비즈니스,좌석 편안함,0,1,0
출장,충성,비즈니스,좌석 편안함,1,1782,971
출장,충성,비즈니스,좌석 편안함,2,3075,1291
출장,충성,비즈니스,좌석 편안함,3,5402,1636
출장,충성,비즈니스,좌석 편안함,4,16290,13832
출장,충성,비즈니스,좌석 편안함,5,13613,13577
출장,충성,이코노미,좌석 편안함,1,1042,291
출장,충성,이코노미,좌석 편안함,2,1769,406
출장,충성,이코노미,좌석 편안함,3,2375,623
출장,충성,이코노미,좌석 편안함,4,2754,1674
출장,충성,이코노미,좌석 편안함,5,1556,1505
출장,충성,이코노미 플러스,좌석 편안함,1,384,98
출장,충성,이코노미 플러스,좌석 편안함,2,584,108
출장,충성,이코노미 플러스,좌석 편안함,3,805,211
출장,충성,이코노미 플러스,좌석 편안함,4,871,536
출장,충성,이코노미 플러스,좌석 편안함,5,535,521
개인 여행,비충성,비즈니스,기내 서비스,1,1,0
개인 여행,비충성,비즈니스,기내 서비스,2,2,0
개인 여행,비충성,비즈니스,기내 서비스,3,1,0
개인 여행,비충성,비즈니스,기내 서비스,4,5,0
개인 여행,비충성,비즈니스,기내 서비스,5,2,0
개인 여행,비충성,이코노미,기내 서비스,1,7,1
개인 여행,비충성,이코노미,기내 서비스,2,11,1
개인 여행,비충성,이코노미,기내 서비스,3,29,7
개인 여행,비충성,이코노미,기내 서비스,4,63,15
개인 여행,비충성,이코노미,기내 서비스,5,39,2
개인 여행,비충성,이코노미 플러스,기내 서비스,4,1,0
개인 여행,비충성,이코노미 플러스,기내 서비스,5,3,0
개인 여행,충성,비즈니스,기내 서비스,1,288,45
개인 여행,충성,비즈니스,기내 서비스,2,310,32
개인 여행,충성,비즈니스,기내 서비스,3,438,52
개인 여행,충성,비즈니스,기내 서비스,4,623,91
개인 여행,충성,비즈니스,기내 서비스,5,487,44
개인 여행,충성,이코노미,기내 서비스,1,2083,196
개인 여행,충성,이코노미,기내 서비스,2,2868,303
개인 여행,충성,이코노미,기내 서비스,3,5053,485
개인 여행,충성,이코노미,기내 서비스,4,9335,978
개인 여행,충성,이코노미,기내 서비스,5,7000,713
개인 여행,충성,이코노미 플러스,기내 서비스,1,298,16
개인 여행,충성,이코노미 플러스,기내 서비스,2,363,31
개인 여행,충성,이코노미 플러스,기내 서비스,3,694,66
개인 여행,충성,이코노미 플러스,기내 서비스,4,1295,118
개인 여행,충성,이코노미 플러스,기내 서비스,5,950,83
출장,비충성,비즈니스,기내 서비스,1,126,42
출장,비충성,비즈니스,기내 서비스,2,188,44
출장,비충성,비즈니스,기내 서비스,3,609,89
출장,비충성,비즈니스,기내 서비스,4,3401,1381
출장,비충성,비즈니스,기내 서비스,5,3021,1353
출장,비충성,이코노미,기내 서비스,1,856,168
출장,비충성,이코노미,기내 서비스,2,1295,163
출장,비충성,이코노미,기내 서비스,3,3244,194
출장,비충성,이코노미,기내 서비스,4,3732,466
출장,비충성,이코노미,기내 서비스,5,1634,510
출장,비충성,이코노미 플러스,기내 서비스,1,75,9
출장,비충성,이코노미 플러스,기내 서비스,2,89,8
출장,비충성,이코노미 플러스,기내 서비스,3,268,14
출장,비충성,이코노미 플러스,기내 서비스,4,217,16
출장,비충성,이코노미 플러스,기내 서비스,5,62,9
출장,충성,비즈니스,기내 서비스,0,3,0
출장,충성,비즈니스,기내 서비스,1,1988,723
출장,충성,비즈니스,기내 서비스,2,4122,1847
출장,충성,비즈니스,기내 서비스,3,6144,2939
출장,충성,비즈니스,기내 서비스,4,15478,13443
출장,충성,비즈니스,기내 서비스,5,12428,12355
출장,충성,이코노미,기내 서비스,1,1047,637
출장,충성,이코노미,기내 서비스,2,1707,758
출장,충성,이코노미,기내 서비스,3,2809,729
출장,충성,이코노미,기내 서비스,4,2789,1248
출장,충성,이코노미,기내 서비스,5,1144,1127
출장,충성,이코노미 플러스,기내 서비스,1,315,217
출장,충성,이코노미 플러스,기내 서비스,2,502,264
출장,충성,이코노미 플러스,기내 서비스,3,1010,276
출장,충성,이코노미 플러스,기내 서비스,4,1006,373
출장,충성,이코노미 플러스,기내 서비스,5,346,344
개인 여행,비충성,비즈니스,수하물 처리,2,1,0
개인 여행,비충성,비즈니스,수하물 처리,3,3,0
개인 여행,비충성,비즈니스,수하물 처리,4,2,0
개인 여행,비충성,비즈니스,수하물 처리,5,5,0
개인 여행,비충성,이코노미,수하물 처리,1,9,1
개인 여행,비충성,이코노미,수하물 처리,2,14,3
개인 여행,비충성,이코노미,수하물 처리,3,29,7
개인 여행,비충성,이코노미,수하물 처리,4,55,9
개인 여행,비충성,이코노미,수하물 처리,5,42,6
개인 여행,비충성,이코노미 플러스,수하물 처리,1,1,0
개인 여행,비충성,이코노미 플러스,수하물 처리,3,1,0
개인 여행,비충성,이코노미 플러스,수하물 처리,4,1,0
개인 여행,비충성,이코노미 플러스,수하물 처리,5,1,0
개인 여행,충성,비즈니스,수하물 처리,1,295,40
개인 여행,충성,비즈니스,수하물 처리,2,305,31
개인 여행,충성,비즈니스,수하물 처리,3,421,62
개인 여행,충성,비즈니스,수하물 처리,4,629,77
개인 여행,충성,비즈니스,수하물 처리,5,496,54
개인 여행,충성,이코노미,수하물 처리,1,2197,237
개인 여행,충성,이코노미,수하물 처리,2,2946,293
개인 여행,충성,이코노미,수하물 처리,3,5190,497
개인 여행,충성,이코노미,수하물 처리,4,8973,929
개인 여행,충성,이코노미,수하물 처리,5,7033,719
개인 여행,충성,이코노미 플러스,수하물 처리,1,308,20
개인 여행,충성,이코노미 플러스,수하물 처리,2,405,35
개인 여행,충성,이코노미 플러스,수하물 처리,3,736,73
개인 여행,충성,이코노미 플러스,수하물 처리,4,1227,103
개인 여행,충성,이코노미 플러스,수하물 처리,5,924,83
출장,비충성,비즈니스,수하물 처리,1,82,30
출장,비충성,비즈니스,수하물 처리,2,187,43
출장,비충성,비즈니스,수하물 처리,3,716,124
출장,비충성,비즈니스,수하물 처리,4,3399,1407
출장,비충성,비즈니스,수하물 처리,5,2961,1305
출장,비충성,이코노미,수하물 처리,1,848,142
출장,비충성,이코노미,수하물 처리,2,1240,173
출장,비충성,이코노미,수하물 처리,3,3347,189
출장,비충성,이코노미,수하물 처리,4,3740,491
출장,비충성,이코노미,수하물 처리,5,1586,506
출장,비충성,이코노미 플러스,수하물 처리,1,79,14
출장,비충성,이코노미 플러스,수하물 처리,2,95,6
출장,비충성,이코노미 플러스,수하물 처리,3,251,9
출장,비충성,이코노미 플러스,수하물 처리,4,219,13
출장,비충성,이코노미 플러스,수하물 처리,5,67,14
출장,충성,비즈니스,수하물 처리,1,2043,765
출장,충성,비즈니스,수하물 처리,2,4135,1850
출장,충성,비즈니스,수하물 처리,3,6110,2917
출장,충성,비즈니스,수하물 처리,4,15373,13334
출장,충성,비즈니스,수하물 처리,5,12502,12441
출장,충성,이코노미,수하물 처리,1,1046,661
출장,충성,이코노미,수하물 처리,2,1696,724
출장,충성,이코노미,수하물 처리,3,2825,735
출장,충성,이코노미,수하물 처리,4,2791,1258
출장,충성,이코노미,수하물 처리,5,1138,1121
출장,충성,이코노미 플러스,수하물 처리,1,329,244
출장,충성,이코노미 플러스,수하물 처리,2,497,246
출장,충성,이코노미 플러스,수하물 처리,3,1003,253
출장,충성,이코노미 플러스,수하물 처리,4,974,357
출장,충성,이코노미 플러스,수하물 처리,5,376,374
개인 여행,비충성,비즈니스,청결도,1,6,0
개인 여행,비충성,비즈니스,청결도,2,1,0
개인 여행,비충성,비즈니스,청결도,3,2,0
개인 여행,비충성,비즈니스,청결도,4,2,0
개인 여행,비충성,이코노미,청결도,1,20,2
개인 여행,비충성,이코노미,청결도,2,35,9
개인 여행,비충성,이코노미,청결도,3,26,6
개인 여행,비충성,이코노미,청결도,4,32,6
개인 여행,비충성,이코노미,청결도,5,36,3
개인 여행,비충성,이코노미 플러스,청결도,1,1,0
개인 여행,비충성,이코노미 플러스,청결도,2,1,0
개인 여행,비충성,이코노미 플러스,청결도,3,1,0
개인 여행,비충성,이코노미 플러스,청결도,4,1,0
개인 여행,충성,비즈니스,청결도,1,293,42
개인 여행,충성,비즈니스,청결도,2,314,37
개인 여행,충성,비즈니스,청결도,3,566,59
개인 여행,충성,비즈니스,청결도,4,551,72
개인 여행,충성,비즈니스,청결도,5,422,54
개인 여행,충성,이코노미,청결도,1,4238,440
개인 여행,충성,이코노미,청결도,2,4973,503
개인 여행,충성,이코노미,청결도,3,5852,574
개인 여행,충성,이코노미,청결도,4,5922,603
개인 여행,충성,이코노미,청결도,5,5354,555
개인 여행,충성,이코노미 플러스,청결도,1,566,59
개인 여행,충성,이코노미 플러스,청결도,2,646,51
개인 여행,충성,이코노미 플러스,청결도,3,827,71
개인 여행,충성,이코노미 플러스,청결도,4,798,71
개인 여행,충성,이코노미 플러스,청결도,5,763,62
출장,비충성,비즈니스,청결도,1,1312,478
출장,비충성,비즈니스,청결도,2,1536,620
출장,비충성,비즈니스,청결도,3,1481,588
출장,비충성,비즈니스,청결도,4,1524,624
출장,비충성,비즈니스,청결도,5,1492,599
출장,비충성,이코노미,청결도,1,1889,232
출장,비충성,이코노미,청결도,2,2180,327
출장,비충성,이코노미,청결도,3,2274,328
출장,비충성,이코노미,청결도,4,2269,302
출장,비충성,이코노미,청결도,5,2149,312
출장,비충성,이코노미 플러스,청결도,1,132,7
출장,비충성,이코노미 플러스,청결도,2,131,17
출장,비충성,이코노미 플러스,청결도,3,145,8
출장,비충성,이코노미 플러스,청결도,4,154,12
출장,비충성,이코노미 플러스,청결도,5,149,12
출장,충성,비즈니스,청결도,0,4,0
출장,충성,비즈니스,청결도,1,3119,983
출장,충성,비즈니스,청결도,2,3708,1305
출장,충성,비즈니스,청결도,3,10637,8252
출장,충성,비즈니스,청결도,4,12544,10656
출장,충성,비즈니스,청결도,5,10151,10111
출장,충성,이코노미,청결도,0,3,0
출장,충성,이코노미,청결도,1,1302,286
출장,충성,이코노미,청결도,2,1953,433
출장,충성,이코노미,청결도,3,2050,551
출장,충성,이코노미,청결도,4,2576,1667
출장,충성,이코노미,청결도,5,1612,1562
출장,충성,이코노미 플러스,청결도,0,5,0
출장,충성,이코노미 플러스,청결도,1,440,84
출장,충성,이코노미 플러스,청결도,2,654,134
출장,충성,이코노미 플러스,청결도,3,713,176
출장,충성,이코노미 플러스,청결도,4,806,537
출장,충성,이코노미 플러스,청결도,5,561,543
개인 여행,비충성,비즈니스,온라인 예약,0,1,0
개인 여행,비충성,비즈니스,온라인 예약,1,1,0
개인 여행,비충성,비즈니스,온라인 예약,2,3,0
개인 여행,비충성,비즈니스,온라인 예약,3,4,0
개인 여행,비충성,비즈니스,온라인 예약,4,2,0
개인 여행,비충성,이코노미,온라인 예약,0,10,4
개인 여행,비충성,이코노미,온라인 예약,1,26,1
개인 여행,비충성,이코노미,온라인 예약,2,37,0
개인 여행,비충성,이코노미,온라인 예약,3,46,1
개인 여행,비충성,이코노미,온라인 예약,4,19,9
개인 여행,비충성,이코노미,온라인 예약,5,11,11
개인 여행,비충성,이코노미 플러스,온라인 예약,1,1,0
개인 여행,비충성,이코노미 플러스,온라인 예약,2,1,0
개인 여행,비충성,이코노미 플러스,온라인 예약,3,1,0
개인 여행,비충성,이코노미 플러스,온라인 예약,4,1,0
개인 여행,충성,비즈니스,온라인 예약,0,102,53
개인 여행,충성,비즈니스,온라인 예약,1,355,5
개인 여행,충성,비즈니스,온라인 예약,2,579,2
개인 여행,충성,비즈니스,온라인 예약,3,617,12
개인 여행,충성,비즈니스,온라인 예약,4,369,103
개인 여행,충성,비즈니스,온라인 예약,5,124,89
개인 여행,충성,이코노미,온라인 예약,0,1499,567
개인 여행,충성,이코노미,온라인 예약,1,4416,48
개인 여행,충성,이코노미,온라인 예약,2,7370,29
개인 여행,충성,이코노미,온라인 예약,3,7541,72
개인 여행,충성,이코노미,온라인 예약,4,4125,947
개인 여행,충성,이코노미,온라인 예약,5,1388,1012
개인 여행,충성,이코노미 플러스,온라인 예약,0,194,64
개인 여행,충성,이코노미 플러스,온라인 예약,1,614,4
개인 여행,충성,이코노미 플러스,온라인 예약,2,1033,2
개인 여행,충성,이코노미 플러스,온라인 예약,3,1041,8
개인 여행,충성,이코노미 플러스,온라인 예약,4,549,114
개인 여행,충성,이코노미 플러스,온라인 예약,5,169,122
출장,비충성,비즈니스,온라인 예약,0,479,416
출장,비충성,비즈니스,온라인 예약,1,900,29
출장,비충성,비즈니스,온라인 예약,2,1486,56
출장,비충성,비즈니스,온라인 예약,3,1581,145
출장,비충성,비즈니스,온라인 예약,4,1720,1117
출장,비충성,비즈니스,온라인 예약,5,1179,1146
출장,비충성,이코노미,온라인 예약,0,339,225
출장,비충성,이코노미,온라인 예약,1,1908,20
출장,비충성,이코노미,온라인 예약,2,2947,23
출장,비충성,이코노미,온라인 예약,3,3016,69
출장,비충성,이코노미,온라인 예약,4,1904,597
출장,비충성,이코노미,온라인 예약,5,647,567
출장,비충성,이코노미 플러스,온라인 예약,0,28,15
출장,비충성,이코노미 플러스,온라인 예약,1,127,1
출장,비충성,이코노미 플러스,온라인 예약,2,219,0
출장,비충성,이코노미 플러스,온라인 예약,3,202,3
출장,비충성,이코노미 플러스,온라인 예약,4,110,15
출장,비충성,이코노미 플러스,온라인 예약,5,25,22
출장,충성,비즈니스,온라인 예약,0,1510,1388
출장,충성,비즈니스,온라인 예약,1,6968,5439
출장,충성,비즈니스,온라인 예약,2,7868,6073
출장,충성,비즈니스,온라인 예약,3,7924,6100
출장,충성,비즈니스,온라인 예약,4,8096,6267
출장,충성,비즈니스,온라인 예약,5,7797,6040
출장,충성,이코노미,온라인 예약,0,204,142
출장,충성,이코노미,온라인 예약,1,1622,777
출장,충성,이코노미,온라인 예약,2,1889,860
출장,충성,이코노미,온라인 예약,3,1882,874
출장,충성,이코노미,온라인 예약,4,2048,939
출장,충성,이코노미,온라인 예약,5,1851,907
출장,충성,이코노미 플러스,온라인 예약,0,121,106
출장,충성,이코노미 플러스,온라인 예약,1,587,266
출장,충성,이코노미 플러스,온라인 예약,2,589,256
출장,충성,이코노미 플러스,온라인 예약,3,594,253
출장,충성,이코노미 플러스,온라인 예약,4,628,283
출장,충성,이코노미 플러스,온라인 예약,5,660,310
개인 여행,비충성,비즈니스,음식·음료,1,5,0
개인 여행,비충성,비즈니스,음식·음료,2,2,0
개인 여행,비충성,비즈니스,음식·음료,3,2,0
개인 여행,비충성,비즈니스,음식·음료,4,2,0
개인 여행,비충성,이코노미,음식·음료,1,21,2
개인 여행,비충성,이코노미,음식·음료,2,35,9
개인 여행,비충성,이코노미,음식·음료,3,27,6
개인 여행,비충성,이코노미,음식·음료,4,31,6
개인 여행,비충성,이코노미,음식·음료,5,35,3
개인 여행,비충성,이코노미 플러스,음식·음료,1,1,0
개인 여행,비충성,이코노미 플러스,음식·음료,2,1,0
개인 여행,비충성,이코노미 플러스,음식·음료,3,1,0
개인 여행,비충성,이코노미 플러스,음식·음료,4,1,0
개인 여행,충성,비즈니스,음식·음료,0,3,3
개인 여행,충성,비즈니스,음식·음료,1,283,31
개인 여행,충성,비즈니스,음식·음료,2,481,64
개인 여행,충성,비즈니스,음식·음료,3,500,49
개인 여행,충성,비즈니스,음식·음료,4,458,60
개인 여행,충성,비즈니스,음식·음료,5,421,57
개인 여행,충성,이코노미,음식·음료,0,42,13
개인 여행,충성,이코노미,음식·음료,1,4163,422
개인 여행,충성,이코노미,음식·음료,2,5688,534
개인 여행,충성,이코노미,음식·음료,3,5709,548
개인 여행,충성,이코노미,음식·음료,4,5464,581
개인 여행,충성,이코노미,음식·음료,5,5273,577
개인 여행,충성,이코노미 플러스,음식·음료,0,7,2
개인 여행,충성,이코노미 플러스,음식·음료,1,553,51
개인 여행,충성,이코노미 플러스,음식·음료,2,773,61
개인 여행,충성,이코노미 플러스,음식·음료,3,775,71
개인 여행,충성,이코노미 플러스,음식·음료,4,746,68
개인 여행,충성,이코노미 플러스,음식·음료,5,746,61
출장,비충성,비즈니스,음식·음료,0,18,17
출장,비충성,비즈니스,음식·음료,1,1306,463
출장,비충성,비즈니스,음식·음료,2,1529,592
출장,비충성,비즈니스,음식·음료,3,1486,573
출장,비충성,비즈니스,음식·음료,4,1534,647
출장,비충성,비즈니스,음식·음료,5,1472,617
출장,비충성,이코노미,음식·음료,0,6,4
출장,비충성,이코노미,음식·음료,1,1906,227
출장,비충성,이코노미,음식·음료,2,2230,315
출장,비충성,이코노미,음식·음료,3,2302,318
출장,비충성,이코노미,음식·음료,4,2235,312
출장,비충성,이코노미,음식·음료,5,2082,325
출장,비충성,이코노미 플러스,음식·음료,1,131,7
출장,비충성,이코노미 플러스,음식·음료,2,139,16
출장,비충성,이코노미 플러스,음식·음료,3,151,8
출장,비충성,이코노미 플러스,음식·음료,4,150,13
출장,비충성,이코노미 플러스,음식·음료,5,140,12
출장,충성,비즈니스,음식·음료,0,10,0
출장,충성,비즈니스,음식·음료,1,2771,980
출장,충성,비즈니스,음식·음료,2,8586,6376
출장,충성,비즈니스,음식·음료,3,8741,6571
출장,충성,비즈니스,음식·음료,4,10419,8885
출장,충성,비즈니스,음식·음료,5,9636,8495
출장,충성,이코노미,음식·음료,0,9,4
출장,충성,이코노미,음식·음료,1,1277,292
출장,충성,이코노미,음식·음료,2,1882,433
출장,충성,이코노미,음식·음료,3,1936,545
출장,충성,이코노미,음식·음료,4,2521,1682
출장,충성,이코노미,음식·음료,5,1871,1543
출장,충성,이코노미 플러스,음식·음료,0,12,7
출장,충성,이코노미 플러스,음식·음료,1,420,93
출장,충성,이코노미 플러스,음식·음료,2,642,130
출장,충성,이코노미 플러스,음식·음료,3,670,150
출장,충성,이코노미 플러스,음식·음료,4,798,534
출장,충성,이코노미 플러스,음식·음료,5,637,560
개인 여행,비충성,비즈니스,게이트 위치,1,3,0
개인 여행,비충성,비즈니스,게이트 위치,2,3,0
개인 여행,비충성,비즈니스,게이트 위치,3,1,0
개인 여행,비충성,비즈니스,게이트 위치,4,3,0
개인 여행,비충성,비즈니스,게이트 위치,5,1,0
개인 여행,비충성,이코노미,게이트 위치,1,18,3
개인 여행,비충성,이코노미,게이트 위치,2,30,5
개인 여행,비충성,이코노미,게이트 위치,3,49,7
개인 여행,비충성,이코노미,게이트 위치,4,42,10
개인 여행,비충성,이코노미,게이트 위치,5,10,1
개인 여행,비충성,이코노미 플러스,게이트 위치,2,1,0
개인 여행,비충성,이코노미 플러스,게이트 위치,3,2,0
개인 여행,비충성,이코노미 플러스,게이트 위치,4,1,0
개인 여행,충성,비즈니스,게이트 위치,1,325,42
개인 여행,충성,비즈니스,게이트 위치,2,347,47
개인 여행,충성,비즈니스,게이트 위치,3,782,88
개인 여행,충성,비즈니스,게이트 위치,4,534,70
개인 여행,충성,비즈니스,게이트 위치,5,158,17
개인 여행,충성,이코노미,게이트 위치,1,3908,405
개인 여행,충성,이코노미,게이트 위치,2,4762,493
개인 여행,충성,이코노미,게이트 위치,3,9131,927
개인 여행,충성,이코노미,게이트 위치,4,6662,677
개인 여행,충성,이코노미,게이트 위치,5,1876,173
개인 여행,충성,이코노미 플러스,게이트 위치,1,501,47
개인 여행,충성,이코노미 플러스,게이트 위치,2,689,60
개인 여행,충성,이코노미 플러스,게이트 위치,3,1270,119
개인 여행,충성,이코노미 플러스,게이트 위치,4,901,73
개인 여행,충성,이코노미 플러스,게이트 위치,5,239,15
출장,비충성,비즈니스,게이트 위치,1,1300,595
출장,비충성,비즈니스,게이트 위치,2,1338,573
출장,비충성,비즈니스,게이트 위치,3,2236,800
출장,비충성,비즈니스,게이트 위치,4,1769,632
출장,비충성,비즈니스,게이트 위치,5,702,309
출장,비충성,이코노미,게이트 위치,1,1199,311
출장,비충성,이코노미,게이트 위치,2,1577,301
출장,비충성,이코노미,게이트 위치,3,4049,382
출장,비충성,이코노미,게이트 위치,4,3339,355
출장,비충성,이코노미,게이트 위치,5,597,152
출장,비충성,이코노미 플러스,게이트 위치,1,67,14
출장,비충성,이코노미 플러스,게이트 위치,2,83,10
출장,비충성,이코노미 플러스,게이트 위치,3,287,16
출장,비충성,이코노미 플러스,게이트 위치,4,243,10
출장,비충성,이코노미 플러스,게이트 위치,5,31,6
출장,충성,비즈니스,게이트 위치,0,1,1
출장,충성,비즈니스,게이트 위치,1,7801,6110
출장,충성,비즈니스,게이트 위치,2,8117,6311
출장,충성,비즈니스,게이트 위치,3,8234,6392
출장,충성,비즈니스,게이트 위치,4,8230,6426
출장,충성,비즈니스,게이트 위치,5,7780,6067
출장,충성,이코노미,게이트 위치,1,1778,869
출장,충성,이코노미,게이트 위치,2,1897,887
출장,충성,이코노미,게이트 위치,3,1917,915
출장,충성,이코노미,게이트 위치,4,2056,934
출장,충성,이코노미,게이트 위치,5,1848,894
출장,충성,이코노미 플러스,게이트 위치,1,662,307
출장,충성,이코노미 플러스,게이트 위치,2,615,278
출장,충성,이코노미 플러스,게이트 위치,3,619,276
출장,충성,이코노미 플러스,게이트 위치,4,646,303
출장,충성,이코노미 플러스,게이트 위치,5,637,310
개인 여행,비충성,비즈니스,기내 엔터테인먼트,1,5,0
개인 여행,비충성,비즈니스,기내 엔터테인먼트,2,1,0
개인 여행,비충성,비즈니스,기내 엔터테인먼트,3,3,0
개인 여행,비충성,비즈니스,기내 엔터테인먼트,4,2,0
개인 여행,비충성,이코노미,기내 엔터테인먼트,1,21,2
개인 여행,비충성,이코노미,기내 엔터테인먼트,2,35,9
개인 여행,비충성,이코노미,기내 엔터테인먼트,3,26,6
개인 여행,비충성,이코노미,기내 엔터테인먼트,4,32,6
개인 여행,비충성,이코노미,기내 엔터테인먼트,5,35,3
개인 여행,비충성,이코노미 플러스,기내 엔터테인먼트,1,1,0
개인 여행,비충성,이코노미 플러스,기내 엔터테인먼트,2,1,0
개인 여행,비충성,이코노미 플러스,기내 엔터테인먼트,3,1,0
개인 여행,비충성,이코노미 플러스,기내 엔터테인먼트,4,1,0
개인 여행,충성,비즈니스,기내 엔터테인먼트,1,389,55
개인 여행,충성,비즈니스,기내 엔터테인먼트,2,426,49
개인 여행,충성,비즈니스,기내 엔터테인먼트,3,482,59
개인 여행,충성,비즈니스,기내 엔터테인먼트,4,459,62
개인 여행,충성,비즈니스,기내 엔터테인먼트,5,390,39
개인 여행,충성,이코노미,기내 엔터테인먼트,1,4542,473
개인 여행,충성,이코노미,기내 엔터테인먼트,2,5426,558
개인 여행,충성,이코노미,기내 엔터테인먼트,3,5515,540
개인 여행,충성,이코노미,기내 엔터테인먼트,4,5498,552
개인 여행,충성,이코노미,기내 엔터테인먼트,5,5358,552
개인 여행,충성,이코노미 플러스,기내 엔터테인먼트,1,622,59
개인 여행,충성,이코노미 플러스,기내 엔터테인먼트,2,709,56
개인 여행,충성,이코노미 플러스,기내 엔터테인먼트,3,761,74
개인 여행,충성,이코노미 플러스,기내 엔터테인먼트,4,762,66
개인 여행,충성,이코노미 플러스,기내 엔터테인먼트,5,746,59
출장,비충성,비즈니스,기내 엔터테인먼트,1,1290,467
출장,비충성,비즈니스,기내 엔터테인먼트,2,1498,597
출장,비충성,비즈니스,기내 엔터테인먼트,3,1506,601
출장,비충성,비즈니스,기내 엔터테인먼트,4,1561,639
출장,비충성,비즈니스,기내 엔터테인먼트,5,1490,605
출장,비충성,이코노미,기내 엔터테인먼트,1,1935,234
출장,비충성,이코노미,기내 엔터테인먼트,2,2174,319
출장,비충성,이코노미,기내 엔터테인먼트,3,2298,326
출장,비충성,이코노미,기내 엔터테인먼트,4,2254,305
출장,비충성,이코노미,기내 엔터테인먼트,5,2100,317
출장,비충성,이코노미 플러스,기내 엔터테인먼트,1,136,8
출장,비충성,이코노미 플러스,기내 엔터테인먼트,2,134,17
출장,비충성,이코노미 플러스,기내 엔터테인먼트,3,147,7
출장,비충성,이코노미 플러스,기내 엔터테인먼트,4,154,12
출장,비충성,이코노미 플러스,기내 엔터테인먼트,5,140,12
출장,충성,비즈니스,기내 엔터테인먼트,0,6,0
출장,충성,비즈니스,기내 엔터테인먼트,1,2158,354
출장,충성,비즈니스,기내 엔터테인먼트,2,4662,1766
출장,충성,비즈니스,기내 엔터테인먼트,3,5753,2999
출장,충성,비즈니스,기내 엔터테인먼트,4,15102,13815
출장,충성,비즈니스,기내 엔터테인먼트,5,12482,12373
출장,충성,이코노미,기내 엔터테인먼트,0,3,0
출장,충성,이코노미,기내 엔터테인먼트,1,1014,63
출장,충성,이코노미,기내 엔터테인먼트,2,1934,300
출장,충성,이코노미,기내 엔터테인먼트,3,1953,418
출장,충성,이코노미,기내 엔터테인먼트,4,2759,1949
출장,충성,이코노미,기내 엔터테인먼트,5,1833,1769
출장,충성,이코노미 플러스,기내 엔터테인먼트,0,5,0
출장,충성,이코노미 플러스,기내 엔터테인먼트,1,365,30
출장,충성,이코노미 플러스,기내 엔터테인먼트,2,637,91
출장,충성,이코노미 플러스,기내 엔터테인먼트,3,694,139
출장,충성,이코노미 플러스,기내 엔터테인먼트,4,839,594
출장,충성,이코노미 플러스,기내 엔터테인먼트,5,639,620
개인 여행,비충성,비즈니스,출·도착 시간 편리,2,1,0
개인 여행,비충성,비즈니스,출·도착 시간 편리,3,2,0
개인 여행,비충성,비즈니스,출·도착 시간 편리,4,3,0
개인 여행,비충성,비즈니스,출·도착 시간 편리,5,5,0
개인 여행,비충성,이코노미,출·도착 시간 편리,0,5,1
개인 여행,비충성,이코노미,출·도착 시간 편리,1,12,2
개인 여행,비충성,이코노미,출·도착 시간 편리,2,15,4
개인 여행,비충성,이코노미,출·도착 시간 편리,3,17,2
개인 여행,비충성,이코노미,출·도착 시간 편리,4,49,9
개인 여행,비충성,이코노미,출·도착 시간 편리,5,51,8
개인 여행,비충성,이코노미 플러스,출·도착 시간 편리,3,2,0
개인 여행,비충성,이코노미 플러스,출·도착 시간 편리,4,2,0
개인 여행,충성,비즈니스,출·도착 시간 편리,0,76,9
개인 여행,충성,비즈니스,출·도착 시간 편리,1,172,27
개인 여행,충성,비즈니스,출·도착 시간 편리,2,215,19
개인 여행,충성,비즈니스,출·도착 시간 편리,3,224,20
개인 여행,충성,비즈니스,출·도착 시간 편리,4,783,96
개인 여행,충성,비즈니스,출·도착 시간 편리,5,676,93
개인 여행,충성,이코노미,출·도착 시간 편리,0,696,66
개인 여행,충성,이코노미,출·도착 시간 편리,1,2244,231
개인 여행,충성,이코노미,출·도착 시간 편리,2,2499,254
개인 여행,충성,이코노미,출·도착 시간 편리,3,3099,281
개인 여행,충성,이코노미,출·도착 시간 편리,4,9363,973
개인 여행,충성,이코노미,출·도착 시간 편리,5,8438,870
개인 여행,충성,이코노미 플러스,출·도착 시간 편리,0,92,5
개인 여행,충성,이코노미 플러스,출·도착 시간 편리,1,300,24
개인 여행,충성,이코노미 플러스,출·도착 시간 편리,2,331,32
개인 여행,충성,이코노미 플러스,출·도착 시간 편리,3,456,39
개인 여행,충성,이코노미 플러스,출·도착 시간 편리,4,1270,124
개인 여행,충성,이코노미 플러스,출·도착 시간 편리,5,1151,90
출장,비충성,비즈니스,출·도착 시간 편리,0,1238,945
출장,비충성,비즈니스,출·도착 시간 편리,1,832,53
출장,비충성,비즈니스,출·도착 시간 편리,2,1415,127
출장,비충성,비즈니스,출·도착 시간 편리,3,1455,201
출장,비충성,비즈니스,출·도착 시간 편리,4,1497,822
출장,비충성,비즈니스,출·도착 시간 편리,5,908,761
출장,비충성,이코노미,출·도착 시간 편리,0,1953,500
출장,비충성,이코노미,출·도착 시간 편리,1,1581,23
출장,비충성,이코노미,출·도착 시간 편리,2,2223,65
출장,비충성,이코노미,출·도착 시간 편리,3,2261,122
출장,비충성,이코노미,출·도착 시간 편리,4,1884,422
출장,비충성,이코노미,출·도착 시간 편리,5,859,369
출장,비충성,이코노미 플러스,출·도착 시간 편리,0,72,21
출장,비충성,이코노미 플러스,출·도착 시간 편리,1,123,2
출장,비충성,이코노미 플러스,출·도착 시간 편리,2,215,2
출장,비충성,이코노미 플러스,출·도착 시간 편리,3,162,6
출장,비충성,이코노미 플러스,출·도착 시간 편리,4,112,13
출장,비충성,이코노미 플러스,출·도착 시간 편리,5,27,12
출장,충성,비즈니스,출·도착 시간 편리,0,958,837
출장,충성,비즈니스,출·도착 시간 편리,1,7776,6021
출장,충성,비즈니스,출·도착 시간 편리,2,7798,6033
출장,충성,비즈니스,출·도착 시간 편리,3,7806,6028
출장,충성,비즈니스,출·도착 시간 편리,4,7979,6247
출장,충성,비즈니스,출·도착 시간 편리,5,7846,6141
출장,충성,이코노미,출·도착 시간 편리,0,138,79
출장,충성,이코노미,출·도착 시간 편리,1,1812,872
출장,충성,이코노미,출·도착 시간 편리,2,1884,867
출장,충성,이코노미,출·도착 시간 편리,3,1862,888
출장,충성,이코노미,출·도착 시간 편리,4,1989,908
출장,충성,이코노미,출·도착 시간 편리,5,1811,885
출장,충성,이코노미 플러스,출·도착 시간 편리,0,72,57
출장,충성,이코노미 플러스,출·도착 시간 편리,1,646,286
출장,충성,이코노미 플러스,출·도착 시간 편리,2,595,254
출장,충성,이코노미 플러스,출·도착 시간 편리,3,620,286
출장,충성,이코노미 플러스,출·도착 시간 편리,4,615,292
출장,충성,이코노미 플러스,출·도착 시간 편리,5,631,299
