,OR,lo,hi,p
Age,0.9928569991996244,0.9912114001764208,0.9945053302294865,2.4524423905756485e-17
Flight Distance,1.0000052666362536,0.9999786411546498,1.0000318928267886,0.6982489545619478
Gate location,0.9145960387752058,0.8960071894673747,0.9335705382459499,1.5812245157382167e-17
Departure Delay in Minutes,0.9963356157607179,0.9957317591078448,0.9969398386195034,1.730779545059621e-32
Gender_Male,1.009662672020902,0.9644607454019847,1.056983102871125,0.6807079485686032
Customer Type_disloyal Customer,0.12048162389914308,0.11228687690908927,0.12927442722560534,0.0
Type of Travel_Personal Travel,0.06922514987216564,0.06432427406356526,0.07449942412234951,0.0
Class_Eco,0.4165280450328072,0.39179202780396705,0.4428257850761086,5.6489599808913416e-173
Class_Eco Plus,0.35698222975716765,0.32316736936203333,0.39433533346504634,1.6666240861205792e-91
Inflight wifi service_good,5.725606500104592,5.335843228344221,6.143840512385669,0.0
Departure/Arrival time convenient_good,0.6391729012909809,0.601460417593362,0.6792500151205942,3.6066856873550604e-47
Ease of Online booking_good,1.0054739067732978,0.9342536822275466,1.0821234065585679,0.8842079688625973
Food and drink_good,1.0504922632433358,0.9501897399850625,1.161382773035893,0.33601680377924326
Food and drink_normal,1.1882056193437809,1.0812899113389483,1.3056929312249688,0.00033767605164663664
Online boarding_good,4.875388920578927,4.603579305162593,5.163247019606681,0.0
Seat comfort_good,1.7005730982468232,1.5949506499715127,1.8131901839924967,3.1226636628841024e-59
Inflight entertainment_good,0.9682452144615667,0.8916414197466463,1.0514302886401454,0.44286012142780073
On-board service_good,1.717834864578746,1.6211207398858685,1.8203188382933366,8.176640726921539e-75
Leg room service_good,2.2198382028233388,2.044262057571733,2.4104941088459446,3.115997655374015e-80
Leg room service_normal,1.1282518116747746,1.0409692571747615,1.2228527804963827,0.0033102122230148972
Baggage handling_good,1.6258984921136954,1.5275777348282316,1.730547550141428,1.1649419685054701e-52
Checkin service_good,2.547699835570686,2.3582232337548867,2.752400349237485,2.383980151994536e-124
Checkin service_normal,1.6722957205077063,1.5498733459891192,1.8043880708482236,4.141833406643598e-40
Inflight service_good,1.6287999808531182,1.525381000451607,1.7392306426012054,4.0101397493596293e-48
Cleanliness_good,1.6413158242974384,1.4826363329883057,1.816978024313956,1.2787814501900826e-21
Cleanliness_normal,1.296382629130409,1.180566995518076,1.423559973717171,5.433950438742124e-08
